{"0": [[[-3.3917300701141357, -3.8269898891448975], [-0.8816999793052673, -1.0399800539016724]], [[-4.798009872436523, -2.104749917984009], [3.5885798931121826, 4.736070156097412]], [[-0.641700029373169, -5.469099998474121], [4.7964301109313965, -2.10575008392334]], [[0.42407000064849854, -2.10575008392334], [4.183110237121582, 0.7604100108146667]]], "1": [[[-6.267499923706055, -4.775000095367432], [-0.887499988079071, -0.7626699805259705]]], "3": [[[-3.7435998916625977, 0.7368000149726868], [0.7197999954223633, 6.825699806213379]], [[-2.1180999279022217, -7.252099990844727], [1.2640000581741333, -2.546600103378296]], [[1.3839999437332153, -7.252099990844727], [4.9390997886657715, -2.546600103378296]]], "4": [[[-2.8355000019073486, -0.38850000500679016], [6.440400123596191, 3.7093000411987305]]], "6": [[[-16.691360473632812, -4.323180198669434], [-12.20361042022705, 2.0393600463867188]], [[3.6297800540924072, 1.9099199771881104], [11.801400184631348, 7.410409927368164]], [[7.912740230560303, -4.3241801261901855], [11.561400413513184, 1.670009970664978]], [[-11.962610244750977, -4.3241801261901855], [-6.2058000564575195, 2.0403599739074707]], [[-11.961609840393066, 2.281369924545288], [-2.007819890975952, 7.649409770965576]], [[-16.692359924316406, 2.280369997024536], [-12.20261001586914, 7.410409927368164]], [[-21.69927978515625, -4.323180198669434], [-16.933359146118164, 7.409409999847412]]], "8": [[[-4.991700172424316, -9.149800300598145], [2.628999948501587, 1.2352999448776245]]], "10": [[[-5.8501200675964355, -22.20170021057129], [-1.2381999492645264, -18.35671043395996]], [[-1.1161999702453613, -22.781410217285156], [3.34525990486145, -18.35671043395996]], [[1.7698800563812256, -18.35470962524414], [5.907879829406738, -14.27670955657959]], [[1.7698800563812256, -14.154709815979004], [6.487880229949951, -9.503620147705078]], [[-11.250120162963867, -18.335309982299805], [-5.8521199226379395, -11.481749534606934]]], "14": [[[3.354640007019043, -5.876410007476807], [7.08342981338501, -2.2216100692749023]]]}